<?xml version="1.0" encoding="UTF-8"?>
<java version="1.8.0_211" class="java.beans.XMLDecoder">
 <object class="DVD" id="DVD0">
  <void property="movies">
   <void method="add">
    <object class="Movie">
     <void property="cast">
      <string>Matt Damon, Franka Potente</string>
     </void>
     <void property="directors">
      <string>Doug Liman</string>
     </void>
     <void property="name">
      <string>The Bourne Identity</string>
     </void>
     <void property="released">
      <int>2002</int>
     </void>
     <void property="runtime">
      <int>119</int>
     </void>
    </object>
   </void>
   <void method="add">
    <object class="Movie">
     <void property="cast">
      <string>Matt Damon, Franka Potente, Joan Allen</string>
     </void>
     <void property="directors">
      <string>Paul Greengrass</string>
     </void>
     <void property="name">
      <string>The Bourne Supremacy</string>
     </void>
     <void property="released">
      <int>2004</int>
     </void>
     <void property="runtime">
      <int>108</int>
     </void>
    </object>
   </void>
   <void method="add">
    <object class="Movie">
     <void property="cast">
      <string>Matt Damon, Edgar Ramirez, Joan Allen</string>
     </void>
     <void property="directors">
      <string>Paul Greengrass</string>
     </void>
     <void property="name">
      <string>The Bourne Ultimatum</string>
     </void>
     <void property="released">
      <int>2007</int>
     </void>
     <void property="runtime">
      <int>115</int>
     </void>
    </object>
   </void>
   <void method="add">
    <object class="Movie">
     <void property="cast">
      <string>Jeremy Renner, Rachel Weisz, Edward Norton</string>
     </void>
     <void property="directors">
      <string>Tony Gilroy</string>
     </void>
     <void property="name">
      <string>The Bourne Legacy</string>
     </void>
     <void property="released">
      <int>2012</int>
     </void>
     <void property="runtime">
      <int>135</int>
     </void>
    </object>
   </void>
  </void>
 </object>
</java>
